ID,Exercise Name,Primary Muscle Group,Secondary Muscle Group,Exercise Type,x tracked
39,Calf Machine,Calves,,machine,206
131,Seated Leg Curl,Hamstrings,,machine,184
47,Dumbbell Curl (2-Arm),Biceps,,dumbbell,167
35,Cable Triceps Pushdown (Bar),Triceps,,cable,163
192,Deadlift,Glutes,Hamstrings,barbell,149
88,Leg Press,Quads,Glutes,machine,145
87,Leg Extension,Quads,,machine,144
19,Bench Press (Medium Grip),Chest,Triceps,barbell,125
121,Pulldown (Normal Grip),Back,Biceps,cable,106
98,Machine Flye,Chest,,machine,106
146,Stiff-Legged Deadlift,Hamstrings,Glutes,barbell,106
100,Machine Lateral Raise,Shoulders,Traps,machine,88
110,Machine Shoulder Press,Shoulders,,machine,87
79,EZ Bar Preacher Curl,Biceps,,barbell,80
236,Hack Squat,Quads,,machine,75
49,Dumbbell Curl (Incline),Biceps,,dumbbell,70
99,Machine Glute Kickback,Glutes,,machine,70
107,Machine Pulldown,Back,Biceps,machine,63
130,Seated Cable Row,Back,,cable,62
13,Barbell Squat (High Bar),Quads,Glutes,barbell,62
9,Barbell Skullcrusher,Triceps,,barbell,61
53,Dumbbell Lateral Raise,Shoulders,,dumbbell,59
29,Cable Overhead Triceps Extension,Triceps,,cable,56
68,Dumbbell Shoulder Press (Seated),Shoulders,,dumbbell,53
30,Cable Overhead Triceps Extension (Rope),Triceps,,cable,53
21,Cable Curl,Biceps,,cable,48
31,Cable Rope Facepull,Shoulders,,cable,47
58,Dumbbell Press (Flat),Chest,Triceps,dumbbell,46
86,Kneeling Hamstring Curl,Hamstrings,,machine,46
92,Lying Leg Curl,Hamstrings,,machine,43
66,"Dumbbell Row (Single-Arm, Supported)",Back,Biceps,dumbbell,42
61,Dumbbell Press (Medium Incline),Chest,Shoulders,dumbbell,42
36,Cable Triceps Pushdown (Rope),Triceps,,cable,39
60,Dumbbell Press (Low Incline),Chest,,dumbbell,38
11,"Barbell Squat (Close Stance, Feet Forward)",Quads,,barbell,38
28,Cable Leaning Lateral Raise,Shoulders,traps,cable,38
40,Calf Raise - Seated,Calves,,machine,37
7,Barbell Hip Thrust,Glutes,Hamstrings,barbell,36
83,Hammer Machine Chest Press (Flat),Chest,Triceps,machine,34
237,Machine Hip Thrust,Glutes,Hamstrings,machine,34
105,Machine Preacher Curl,Biceps,,machine,33
18,"Bench Press (Incline, Medium Grip)",Chest,Triceps,barbell,33
96,Machine Chest Supported Row,Back,Biceps,machine,31
67,Dumbbell Row to Hips,Back,,dumbbell,30
48,Dumbbell Curl (Alternating),Biceps,,dumbbell,30
51,Dumbbell Flye (Incline),Chest,,dumbbell,30
97,Machine Crunch,Abs,,machine,29
14,Barbell Squat (Narrow Stance),Quads,Glutes,barbell,29
32,Cable Rope Twist Curl,Biceps,,cable,27
91,Lying Biceps Dumbbell Curl,Biceps,,dumbbell,27
90,Leg Press Calves,Calves,,machine,27
126,Pushup,Chest,Triceps,bodyweight only,27
70,Dumbbell Skullcrusher,Triceps,,dumbbell,27
142,Stair Calves,Calves,,bodyweight only,26
150,"Walking Lunges (Quad-Focused, Bodyweight)",Quads,Glutes,bodyweight only,26
85,Hammer Machine Row (Low),Back,,machine,25
52,Dumbbell Front Raise,Shoulders,,dumbbell,25
64,Dumbbell Row (2-Arm),Back,Biceps,dumbbell,23
84,Hammer Machine Row (High),Back,,machine,22
6,Back Raise (45 Degree),Hamstrings,,bodyweight loadable,21
127,Rear Delt Fly,Shoulders,,machine,20
211,Dumbbell Press (High Incline),Shoulders,,dumbbell,20
128,Reverse Lunge (Barbell),Glutes,,barbell,18
147,Triceps cable push-down Bar,Triceps,,cable,18
50,Dumbbell Flye (Flat),Chest,,dumbbell,17
149,"Walking Lunges (Glute-Focused, Bodyweight)",Glutes,,bodyweight only,17
16,Belt Squat,Quads,Glutes,machine,17
108,Machine Pullover,Back,,machine,16
136,Smith Machine Bench Press (Medium Grip),Chest,,smith machine,16
15,Barbell Squat (Sumo Stance),Glutes,,barbell,16
27,Cable Lateral Raise (Single-Arm),Shoulders,,cable,16
38,Cable Upright Row,Shoulders,,cable,16
63,Dumbbell Rotator Cuff Rotation (External),Shoulders,,dumbbell,16
43,Deadlift (Deficit),Glutes,,barbell,15
102,Machine Leg Extension (MaxPump),Quads,,machine,15
119,Power Squat,Quads,,machine,15
215,Dumbbell Shrug,Traps,,dumbbell,15
22,Cable Flye,Chest,,cable,14
71,Dumbbell Split Squat,Glutes,,dumbbell,14
54,Dumbbell Lateral Raise (Incline),Shoulders,,dumbbell,13
69,Dumbbell Shrug (Seated),Traps,,dumbbell,13
57,Dumbbell Overhead Extension (Single-Arm),Triceps,,dumbbell,13
134,Slant Board Sit-Up (Weighted),Abs,,bodyweight loadable,12
143,Stair Calves (Single Leg),Calves,,bodyweight only,12
323,Standing Calf Raise,Calves,,machine,12
113,Machine Triceps Pushdown,Triceps,,machine,12
2,Assisted Dip,Triceps,,machine assistance,11
3,Assisted Pullup (Normal Grip),Back,,machine assistance,10
4,Assisted Pullup (Parallel Grip),Back,,machine assistance,10
120,Pull Down (Mag Grip),Back,,cable,10
94,Machine Chest Press,Chest,,machine,10
118,Pendulum Squat,Quads,,machine,10
135,Slope squat,Quads,,machine,10
141,Smith Machine Squat (Feet Forward),Quads,,smith machine,10
122,Pulldown (Parallel Grip),Back,,cable,9
20,Booty Builder Hip Thrust,Glutes,,machine,9
133,Single-Leg Leg Curl,Hamstrings,,machine,9
10,Barbell Split Squat,Quads,,barbell,9
109,Machine Reverse Flye,Shoulders,,machine,9
112,Machine Triceps Extension,Triceps,,machine,9
137,Smith Machine Calves,Calves,,smith machine,8
73,Dumbbell Upright Row,Shoulders,,dumbbell,8
44,Dip (Triceps-Focused),Triceps,,bodyweight only,8
111,Machine Tricep Overhead Extension (MaxPump),Triceps,,machine,8
80,GluteBuilder Hip Thrust,Glutes,,machine,7
1,Arnold Press,Shoulders,,dumbbell,7
59,Barbell Shrug,Traps,,barbell,7
82,Hammer Curl,Biceps,,dumbbell,6
23,Cable Flye (Bent Over),Chest,,cable,6
62,Dumbbell Press Flye (Incline),Chest,,dumbbell,6
41,Chest Supported Row,Back,,machine,5
65,"Dumbbell Row (2-Arm, Incline)",Back,,dumbbell,5
104,Machine Mid Row,Back,,machine,5
123,Pulldown (Straight Arm),Back,,cable,5
76,EZ Bar Curl (Narrow Grip),Biceps,,barbell,5
228,Hack Squat,Glutes,,smith machine,5
72,Dumbbell Stiff Legged Deadlift,Hamstrings,,dumbbell,5
138,Smith Machine Good Morning,Hamstrings,,smith machine,5
12,Barbell Squat (Heel Elevated),Quads,,barbell,5
242,Smith Machine Split Squat,Quads,,smith machine,5
25,Cable Front Raise (Underhand),Shoulders,,cable,5
75,Dumbbell Y-Raise (seated),Shoulders,,dumbbell,5
101,Machine Lateral Raise (MaxPump),Shoulders,,machine,5
139,Smith Machine Shoulder Press (Seated),Shoulders,,smith machine,5
77,EZ Bar Overhead Triceps Extension,Triceps,,barbell,5
116,MaxPump Seated Multi High Row (Single Arm),Back,,machine,4
124,Pulldown (Wide Grip),Back,,cable,4
125,"Pullup (Weighted, Normal Grip)",Back,,bodyweight loadable,4
129,Scapular Retraction - MegaMass Row,Back,,machine,4
106,Machine Preacher Curl (MaxPump),Biceps,,machine,4
117,Pendulum Calves,Calves,,machine,4
24,Cable Flye (High),Chest,,cable,4
17,Belt Squat (Wide Stance),Glutes,,machine,4
132,Single Leg Extension,Quads,,machine,4
46,Dumbbell Bent Lateral Raise,Shoulders,,dumbbell,4
55,Dumbbell Lateral Raise (Super ROM),Shoulders,,dumbbell,4
93,Machine Bent Over Lateral Raise (MaxPump),Shoulders,,machine,4
103,Machine Low Row,Back,,machine,3
115,MaxPump Incline Press,Chest,,machine,3
89,Leg Press (Watson Split Leg Press),Quads,,machine,3
144,Standing Shoulder Press (Machine),Shoulders,,machine,3
34,Cable Tricep Kickback,Triceps,,cable,3
37,Cable Triceps Pushdown (Single-Arm),Triceps,,cable,3
95,Machine Chest Press (Incline),Chest,,machine,2
5,Back Raise (45 degree),Hamstrings,,bodyweight only,2
145,StIff Leg Deadlift,Hamstrings,,dumbbell,2
33,Cable Rotator Cuff Rotation (Internal),Shoulders,,cable,2
78,EZ Bar Overhead Triceps Extension (Seated),Triceps,,barbell,2
26,Cable Hammer Curl (Rope),Biceps,,cable,1
114,MaxPump Hip Press (Single Leg),Glutes,,machine,1
148,"Walking Lunges (Glute-Focused, Barbell)",Glutes,,barbell,1
74,Dumbbell Y-Raise,Shoulders,,dumbbell,1
8,Barbell Overhead Triceps Extension (Seated),Triceps,,barbell,1
45,"Dip (Weighted, Triceps-Focused)",Triceps,,bodyweight loadable,1
56,Dumbbell Overhead Extension,Triceps,,dumbbell,1
151,Ab Wheel,Abs,,bodyweight only,0
206,Cable Rope Crunch,Abs,,cable,0
265,Hanging Knee Raise,Abs,,bodyweight only,0
266,Hanging Straight Leg Raise,Abs,,bodyweight only,0
277,Modified Candlestick,Abs,,bodyweight only,0
295,Reaching Sit-Up,Abs,,bodyweight only,0
327,V-Up (Weighted),Abs,,bodyweight loadable,0
152,Assisted Pullup (Underhand Grip),Back,,machine assistance,0
153,Assisted Pullup (Wide Grip),Back,,machine assistance,0
154,Back Extension,Back,,bodyweight loadable,0
155,Back Extension (Flexion),Back,,bodyweight loadable,0
157,Barbell Bent Over Row,Back,,barbell,0
162,Barbell Flexion Row,Back,,barbell,0
171,Barbell Pullover,Back,,barbell,0
172,Barbell Row to Chest,Back,,barbell,0
199,Cable Flexion Row,Back,,cable,0
205,Cable Pullover,Back,,cable,0
213,Cambered Bar Row,Back,,barbell,0
217,Deadlift (Flexion),Back,,barbell,0
225,Dual Cable Pullover,Back,,cable,0
226,Dumbbbell Flexion Row,Back,,dumbbell,0
240,Dumbbell Pullover,Back,,dumbbell,0
248,EZ Bar Row (Underhand),Back,,barbell,0
269,Inverted Row,Back,,bodyweight only,0
272,Landmine Row,Back,,barbell,0
276,Meadows Row,Back,,barbell,0
280,Pulldown (Narrow Grip),Back,,cable,0
281,Pulldown (Single-Arm),Back,,cable,0
282,Pulldown (Underhand Grip),Back,,cable,0
283,Pulldown (Upright Torso to Abs),Back,,cable,0
284,Pullup (Normal Grip),Back,,bodyweight only,0
285,Pullup (Parallel Grip),Back,,bodyweight only,0
286,Pullup (Underhand Grip),Back,,bodyweight only,0
287,"Pullup (Weighted, Parallel Grip)",Back,,bodyweight loadable,0
288,"Pullup (Weighted, Underhand Grip)",Back,,bodyweight loadable,0
289,"Pullup (Weighted, Wide Grip)",Back,,bodyweight loadable,0
290,Pullup (Wide Grip),Back,,bodyweight only,0
302,Seal Row,Back,,barbell,0
303,Seated Cable Row (Single-Arm),Back,,cable,0
320,Smith Machine Row,Back,,smith machine,0
325,T-Bar Row,Back,,machine,0
159,Barbell Curl (Narrow Grip),Biceps,,barbell,0
160,Barbell Curl (Normal Grip),Biceps,,barbell,0
180,Bayesian Curl,Biceps,,cable,0
196,Cable Curl (EZ Bar),Biceps,,cable,0
197,"Cable Curl (EZ Bar, Wide Grip)",Biceps,,cable,0
198,Cable Curl (Single-Arm),Biceps,,cable,0
214,Concentration Curl,Biceps,,dumbbell,0
220,Decline Dumbbell Curl,Biceps,,dumbbell,0
238,Dumbbell Preacher Curl (Single-Arm),Biceps,,dumbbell,0
243,Dumbbell Spider Curl,Biceps,,dumbbell,0
245,Dumbbell Twist Curl,Biceps,,dumbbell,0
246,EZ Bar Curl (Normal Grip),Biceps,,barbell,0
247,EZ Bar Curl (Wide Grip),Biceps,,barbell,0
250,EZ Bar Spider Curl,Biceps,,barbell,0
251,Freemotion Curl (Facing Away),Biceps,,freemotion,0
252,Freemotion Curl (Facing Machine),Biceps,,freemotion,0
253,Freemotion Curl (Single-Arm),Biceps,,freemotion,0
264,Hammer Preacher Curl,Biceps,,dumbbell,0
273,Lying Cable Curl,Biceps,,cable,0
274,Lying Dumbbell Curl,Biceps,,dumbbell,0
181,Belt Squat Calves,Calves,,machine,0
224,Donkey Calf Raise,Calves,,machine,0
182,Bench Press (Cambered Bar),Chest,,barbell,0
184,Bench Press (Decline),Chest,,barbell,0
185,"Bench Press (Incline, Narrow Grip)",Chest,,barbell,0
186,"Bench Press (Incline, Wide Grip)",Chest,,barbell,0
187,Bench Press (Narrow Grip),Chest,,barbell,0
188,Bench Press (Wide Grip),Chest,,barbell,0
193,Cable Chest Press,Chest,,cable,0
200,Cable Flye (Seated),Chest,,cable,0
201,Cable Flye (Underhand),Chest,,cable,0
221,Dip (Chest-Focused),Chest,,bodyweight only,0
222,"Dip (Weighted, Chest-Focused)",Chest,,bodyweight loadable,0
239,Dumbbell Press Flye (Flat),Chest,,dumbbell,0
263,Hammer Machine Chest Press (Incline),Chest,,machine,0
279,Pec Dec Flye,Chest,,machine,0
291,Pushup (Deficit),Chest,,bodyweight only,0
292,Pushup (Narrow Grip),Chest,,bodyweight only,0
293,"Pushup (Weighted, Narrow Grip)",Chest,,bodyweight loadable,0
294,"Pushup (Weighted, Normal Grip)",Chest,,bodyweight loadable,0
308,Smith Machine Bench Press (Narrow Grip),Chest,,smith machine,0
309,Smith Machine Bench Press (Wide Grip),Chest,,smith machine,0
311,"Smith Machine Press (High Incline, Medium Grip)",Chest,,smith machine,0
312,"Smith Machine Press (High Incline, Narrow Grip)",Chest,,smith machine,0
313,"Smith Machine Press (High Incline, Wide Grip)",Chest,,smith machine,0
314,"Smith Machine Press (Incline, Medium Grip)",Chest,,smith machine,0
315,"Smith Machine Press (Incline, Wide Grip)",Chest,,smith machine,0
316,"Smith Machine Press (Low Incline, Medium Grip)",Chest,,smith machine,0
317,"Smith Machine Press (Low Incline, Narrow Grip)",Chest,,smith machine,0
318,"Smith Machine Press (Low Incline, Wide Grip)",Chest,,smith machine,0
319,"Smith Machine Press (Medium Incline, Narrow Grip)",Chest,,smith machine,0
178,Barbell Standing Wrist Curl,Forearms,,barbell,0
212,Cable Wrist Curl,Forearms,,cable,0
227,Dumbbell Bench Wrist Curl,Forearms,,dumbbell,0
244,Dumbbell Standing Wrist Curl,Forearms,,dumbbell,0
262,Grip Roller,Forearms,,machine,0
296,Reverse Curl,Forearms,,barbell,0
190,Bulgarian Split Squat (Glute-Focused),Glutes,,dumbbell,0
203,Cable Kickback,Glutes,,cable,0
204,Cable Pull Through,Glutes,,cable,0
216,Deadlift (Deficit 25's),Glutes,,barbell,0
218,Deadlift (Sumo Stance),Glutes,,barbell,0
219,"Deadlift (Sumo Stance, Deficit)",Glutes,,barbell,0
232,Dumbbell Hip Thrust (Single Leg),Glutes,,dumbbell,0
258,Front Foot Elevated Smith Lunge,Glutes,,smith machine,0
267,Hip Abduction Machine,Glutes,,machine,0
297,Reverse Hyper,Glutes,,machine,0
298,Reverse Lunge (Dumbbell),Glutes,,dumbbell,0
300,Rogers Reverse Lunge,Glutes,,machine,0
326,Trap Bar Deadlift,Glutes,,barbell,0
328,"Walking Lunges (Glute-Focused, Dumbbell)",Glutes,,dumbbell,0
156,Back Raise (Glute Ham Deck),Hamstrings,,bodyweight only,0
166,Barbell Good Morning (Cambered Bar),Hamstrings,,barbell,0
167,Barbell Good Morning (High Bar),Hamstrings,,barbell,0
168,Barbell Good Morning (Low Bar),Hamstrings,,barbell,0
169,Barbell Good Morning (Safety Bar),Hamstrings,,barbell,0
278,Nordic Curl,Hamstrings,,bodyweight only,0
299,Rogers Good Morning,Hamstrings,,machine,0
305,Single Leg Romanian Deadlift,Hamstrings,,dumbbell,0
176,Barbell Squat (Cambered Bar),Quads,,barbell,0
177,Barbell Squat (Safety Bar),Quads,,barbell,0
189,Bodyweight Squat (2/3),Quads,,bodyweight only,0
191,Bulgarian Split Squat (Quad-Focused),Quads,,dumbbell,0
231,Dumbbell Front Squat,Quads,,dumbbell,0
259,Front Squat,Quads,,barbell,0
260,Front Squat (Cross Grip),Quads,,barbell,0
261,Goblet Squat,Quads,,dumbbell,0
268,Hip Adduction,Quads,,machine,0
301,Rogers Squat,Quads,,machine,0
304,Single Leg Press,Quads,,machine,0
306,Sissy Squat (Machine),Quads,,bodyweight only,0
307,Sissy Squat (No Machine),Quads,,bodyweight only,0
329,"Walking Lunges (Quad-Focused, Barbell)",Quads,,barbell,0
330,"Walking Lunges (Quad-Focused, Dumbbell)",Quads,,dumbbell,0
161,Barbell Facepull,Shoulders,,barbell,0
163,Barbell Front Raise,Shoulders,,barbell,0
164,"Barbell Front Raise (EZ Bar, Underhand)",Shoulders,,barbell,0
165,Barbell Front Raise (Overhand),Shoulders,,barbell,0
173,Barbell Shoulder Press (Seated),Shoulders,,barbell,0
174,Barbell Shoulder Press (Standing),Shoulders,,barbell,0
179,Barbell Upright Row,Shoulders,,barbell,0
194,Cable Cross Body Bent Lateral Raise,Shoulders,,cable,0
195,Cable Cross Body Lateral Raise,Shoulders,,cable,0
202,Cable Front Raise (Overhand),Shoulders,,cable,0
207,Cable Rope Facepull (Kneeling),Shoulders,,cable,0
210,Cable Single Arm Rear Delt Raise,Shoulders,,cable,0
229,Dumbbell Facepull,Shoulders,,dumbbell,0
230,Dumbbell Facepull (Incline),Shoulders,,dumbbell,0
233,Dumbbell Lateral Raise (Seated),Shoulders,,dumbbell,0
234,Dumbbell Lateral Raise (Thumbs Down),Shoulders,,dumbbell,0
235,Dumbbell Lateral Raise (Top Hold),Shoulders,,dumbbell,0
241,Dumbbell Shoulder Press (Standing),Shoulders,,dumbbell,0
254,Freemotion Rear Delt Flyes,Shoulders,,freemotion,0
255,Freemotion Rear Delt Flyes (Paused),Shoulders,,freemotion,0
256,Freemotion Y-Raises,Shoulders,,freemotion,0
257,Freemotion Y-Raises (Paused),Shoulders,,freemotion,0
324,Smith Machine Upright Row,Shoulders,,smith machine,0
42,Barbell Bent Over Shrug,Traps,,barbell,0
81,Cable Bent Over Shrug,Traps,,cable,0
140,Cable Shrug,Traps,,cable,0
158,Cable Side Shrug,Traps,,cable,0
175,Cable Single Arm Side Shrug,Traps,,cable,0
208,Dumbbell Bent Over Shrug,Traps,,dumbbell,0
209,Dumbbell Leaning Shrug,Traps,,dumbbell,0
275,Machine Shrug,Traps,,machine,0
321,Smith Machine Shrug,Traps,,smith machine,0
170,Barbell Overhead Triceps Extension,Triceps,,barbell,0
183,Bench Press (Close Grip),Triceps,,barbell,0
223,Dip Machine,Triceps,,machine,0
249,EZ Bar Skullcrusher,Triceps,,barbell,0
270,Inverted Skullcrusher,Triceps,,bodyweight only,0
271,JM Press,Triceps,,barbell,0
310,Smith Machine JM Press,Triceps,,smith machine,0
322,Smith Machine Skullcrusher,Triceps,,smith machine,0
